{
    "timestamp": "20250427_075209",
    "config": {
        "epochs": 15,
        "batch_size": 256,
        "learning_rate": 0.002,
        "weight_decay": 0.0001,
        "dropout_rate": 0.3,
        "val_freq": 1,
        "checkpoint_dir": "checkpoints",
        "device": "cpu",
        "num_workers": 32,
        "prefetch_factor": 4,
        "persistent_workers": true,
        "pin_memory": false
    },
    "metrics": {
        "train_loss": [
            0.673550268859728,
            0.6124879273962467,
            0.5876042458182531,
            0.5756536155727738,
            0.5672760115447619,
            0.562119610766147,
            0.5559768854303563,
            0.5546710820908242,
            0.5539684659200357,
            0.5535881574272264,
            0.5513315872943148,
            0.549412895178964,
            0.5467031919364388,
            0.5445227322848976,
            0.5436993668265376
        ],
        "train_acc": [
            0.6171609815814367,
            0.7649546491569751,
            0.8230760669968282,
            0.8488954426576151,
            0.8668131990429024,
            0.8773023204050971,
            0.8907962829002282,
            0.8931612041622614,
            0.893968059651661,
            0.8954148350119637,
            0.8996438706805409,
            0.9029547604473874,
            0.9084914584608536,
            0.9158644482777809,
            0.9169773524010907
        ],
        "val_loss": [
            0.5651037693023682,
            0.5654989659786225,
            0.5631116509437561,
            0.5614874124526977,
            0.5616253018379211,
            0.5584635496139526,
            0.5619081556797028,
            0.5620779812335968,
            0.5706026256084442,
            0.5590023875236512,
            0.5585074901580811,
            0.5588947057723999,
            0.557755708694458,
            0.5570349514484405,
            0.5583046317100525
        ],
        "val_acc": [
            0.8973717146433041,
            0.8957029620358782,
            0.8994576554025866,
            0.9036295369211514,
            0.9019607843137255,
            0.9065498539841469,
            0.9011264080100125,
            0.9011264080100125,
            0.886942010846892,
            0.9069670421360033,
            0.9052982895285774,
            0.9057154776804339,
            0.9090529828952858,
            0.9086357947434293,
            0.9052982895285774
        ]
    }
}